Link Name,Center of Mass X,Center of Mass Y,Center of Mass Z,Center of Mass Roll,Center of Mass Pitch,Center of Mass Yaw,Mass,Moment Ixx,Moment Ixy,Moment Ixz,Moment Iyy,Moment Iyz,Moment Izz,Visual X,Visual Y,Visual Z,Visual Roll,Visual Pitch,Visual Yaw,Mesh Filename,Color Red,Color Green,Color Blue,Color Alpha,Collision X,Collision Y,Collision Z,Collision Roll,Collision Pitch,Collision Yaw,Collision Mesh Filename,Material Name,SW Components,Coordinate System,Axis Name,Joint Name,Joint Type,Joint Origin X,Joint Origin Y,Joint Origin Z,Joint Origin Roll,Joint Origin Pitch,Joint Origin Yaw,Parent,Joint Axis X,Joint Axis Y,Joint Axis Z,Limit Effort,Limit Velocity,Limit Lower,Limit Upper,Calibration rising,Calibration falling,Dynamics Damping,Dynamics Friction,Safety Soft Upper,Safety Soft Lower,Safety K Position,Safety K Velocity
base_link,-0.00060248,-0.00060246,0.0092866,0,0,0,0.3076,0.00039669,0.000017531,0.0000015244,0.00039669,0.0000015244,0.00077358,0,0,0,0,0,0,package://ur5/meshes/base_link.STL,0.79216,0.81961,0.93333,1,0,0,0,0,0,0,package://ur5/meshes/base_link.STL,,base_link-1,Coordinate System16,,,,0,0,0,0,0,0,,0,0,0,,,,,,,,,,,,
link0,0.000307831872904152,-0.0124025584246199,0.0671326182448129,0,0,0,1.63608345091744,0.00438275793866866,1.81304714195134E-05,-7.44773343193485E-06,0.00365015870002148,0.000281760253039017,0.00357653906179433,0,0,0,0,0,0,package://ur5/meshes/link0.STL,0.792156862745098,0.819607843137255,0.933333333333333,1,0,0,0,0,0,0,package://ur5/meshes/link0.STL,,UR5_parts-link1-1,link0 CS,link0 axis,joint0,revolute,0,0,0.0203,0,0,1.5708,base_link,0,0,1,0,0,0,0,,,,,,,,
link1,0.000964898857752874,0.211938824075221,0.0587986242393405,0,0,0,4.46817761613899,0.134876232723275,0.000273275127848022,-1.67825148545119E-05,0.00725790216149493,-0.000160143228771003,0.134167944969072,0,0,0,0,0,0,package://ur5/meshes/link1.STL,0.792156862745098,0.819607843137255,0.933333333333333,1,0,0,0,0,0,0,package://ur5/meshes/link1.STL,,link2-2,link1 CS,link1 axis,joint1,revolute,0.0018385,-0.075278,0.0742,1.5708,0,0,link0,0.024415,0,0.9997,0,0,0,0,,,,,,,,
link2,-0.162786896339119,-0.000905888674872749,-0.051446775725293,0,0,0,2.39570540278444,0.0025395879195343,3.94437081836989E-05,-0.00245740129675954,0.0491370057401017,-2.62334356249417E-06,0.0488136278157176,0,0,0,0,0,0,package://ur5/meshes/link2.STL,0.792156862745098,0.819607843137255,0.933333333333333,1,0,0,0,0,0,0,package://ur5/meshes/link2.STL,,link3-1,link2 CS,link2 axis,joint2,revolute,-0.00094452,0.425,0.000023068,0,0,-1.5708,link1,0,-0.024415,-0.9997,0,0,0,0,,,,,,,,
link3,-0.00602780590495122,9.85583284783542E-07,0.0402045698459735,0,0,0,0.390139021161916,0.000404444690862864,-7.57557724769527E-09,4.63025965892671E-05,0.000411059918248563,-2.12732430914052E-08,0.000292667793853297,0,0,0,0,0,0,package://ur5/meshes/link3.STL,0.792156862745098,0.819607843137255,0.933333333333333,1,0,0,0,0,0,0,package://ur5/meshes/link3.STL,,link4-1,link3 CS,link3 axis,link3,revolute,-0.39225,0.0003925,-0.018515,-0.024418,0,0,link2,0,0,1,0,0,0,0,,,,,,,,
link4,8.58854926059915E-07,0.00608153205922776,0.0477635389165286,0,0,0,0.442428049115402,0.000416348563315821,7.553465323813E-09,-2.14521303497246E-08,0.000438193956875558,-4.62997432855197E-05,0.000326443638741625,0,0,0,0,0,0,package://ur5/meshes/link4.STL,0.792156862745098,0.819607843137255,0.933333333333333,1,0,0,0,0,0,0,package://ur5/meshes/link4.STL,,link5-1,link4 CS,link4 axis,joint4,revolute,-0.04155,0,0.05337,1.5708,0.024418,-1.5708,link3,0,0,-1,0,0,0,0,,,,,,,,
camera_link,0.00108105012672979,-9.1510452427529E-10,-0.0177987168323537,0,0,0,0.0522866428148924,3.37499544393897E-05,-5.13674578873248E-14,2.42507223964989E-09,5.28836916410716E-06,-5.04490468630634E-13,3.37772165263727E-05,0,0,0,0,0,0,package://ur5/meshes/camera_link.STL,0.792156862745098,0.819607843137255,0.933333333333333,1,0,0,0,0,0,0,package://ur5/meshes/camera_link.STL,,camera-3,camera CS,camera axis,camera_joint,revolute,0,0.0045204,0.12197,0,0,1.5708,link4,0,0,-1,0,0,0,0,,,,,,,,
end_effector,0.000098478,-0.000064339,0.02421,0,0,0,0.20055,0.00011103,-0.00000031894,-0.000000046687,0.00011075,0.000000030502,0.00012327,0,0,0,0,0,0,package://ur5/meshes/end_effector.STL,0.79216,0.81961,0.93333,1,0,0,0,0,0,0,package://ur5/meshes/end_effector.STL,,link6-1,link5 CS,link5 axis,end_effector_joint,fixed,0,0.04155,0.05337,-1.5708,0,0,link4,0,0,0,,,,,,,,,,,,
